{
  "config": {
    "num_samples": 64,
    "steps": 10,
    "cfg": 2.0,
    "device": "cuda:0"
  },
  "rtf_results": [
    {
      "batch_size": 1,
      "time": 111.43987727165222,
      "audio_sec": 264.64000000000004,
      "rtf": 0.42109989900110417,
      "speedup": 1.0
    },
    {
      "batch_size": 4,
      "time": 59.605940103530884,
      "audio_sec": 264.64,
      "rtf": 0.22523405420016207,
      "speedup": 1.8696102616297943
    },
    {
      "batch_size": 8,
      "time": 65.29697108268738,
      "audio_sec": 264.64,
      "rtf": 0.2467388568723072,
      "speedup": 1.7066622758126528
    }
  ],
  "mse_results": [
    {
      "batch_size": 4,
      "mean_mse": 0.01180768571794033,
      "max_mse": 0.08483689278364182
    },
    {
      "batch_size": 8,
      "mean_mse": 0.01508371066302061,
      "max_mse": 0.09514093399047852
    }
  ]
}